Description,Brand,Model,S/N,Quantity,Remark
CONTROL BOARD,MA Lighting,Grand MA2,,1,
CONTROL BOARD,MA Lighting,Grand MA2 Lite PC,,1,
CONTROL BOARD,AVOLITES,ARENA,AR00191,1,
CONTROL BOARD,AVOLITES LIGHTING,PEARL 2008,PRL5758,1,
CONTROL BOARD,AVOLITES LIGHTING,PEARL 2010,,1,
CONTROL BOARD,AVOLITES,TITAN MOBILE,TT3274,1,
CONTROL BOARD,AVOLITES,TITAN MOBILE,TM-213354962,1,
CONTROL BOARD,AVOLITES,TIGER TOUCH,,1,
CONTROL BOARD,Quartz WEE/HA,0224*4 90v-240v 50Hz-60Hz,,2,
MOVING HEAD BEAM,ACME,XP-5R BEAM II,AE-051802768,1,
MOVING HEAD BEAM,ACME,XP-5R BEAM II,AE-081700405,1,
MOVING HEAD BEAM,ACME,XP-5R BEAM II,AE-081700451,1,
MOVING HEAD BEAM,ACME,XP-5R BEAM II,AE-051802761,1,
MOVING HEAD BEAM,ACME,XP-5R BEAM II,AE-051802766,1,
MOVING HEAD BEAM,ACME,XP-5R BEAM II,AE-081700443,1,
MOVING HEAD BEAM,ACME,XP-5R BEAM II,AE-081700426,1,
MOVING HEAD BEAM,ACME,XP-5R BEAM II,AE-101802102,1,
MOVING HEAD BEAM,ACME,XP-5R BEAM II,AE-101802101,1,
MOVING HEAD BEAM,ACME,XP-5R BEAM II,AE-101802096,1,
MOVING HEAD BEAM,ACME,XP-5R BEAM II,AE-101802085,1,
MOVING HEAD BEAM,ACME,XP-5R BEAM II,AE-081700431,1,
MOVING HEAD BEAM,ACME,XP-5R BEAM II,AE-051802771,1,
MOVING HEAD BEAM,ACME,XP-5R BEAM II,AE-081700439,1,
MOVING HEAD BEAM,ACME,XP-5R BEAM II,AE-081700442,1,
MOVING HEAD BEAM,ACME,XP-5R BEAM II,AE-101802097,1,
MOVING HEAD BEAM,ACME,XP-5R BEAM II,AE-081700449,1,
MOVING HEAD BEAM,ACME,XP-5R BEAM II,AE-101802095,1,
MOVING HEAD COLOR,ACME,XP16R BSW,AE-011600670,1,
MOVING HEAD COLOR,ACME,XP16R BSW,AE-011600671,1,
MOVING HEAD COLOR,ACME,XP16R BSW,AE-011600674,1,
MOVING HEAD COLOR,ACME,XP16R BSW,AE-011600675,1,
MOVING HEAD COLOR,ACME,XP16R BSW,AE-011600678,1,
MOVING HEAD COLOR,ACME,XP16R BSW,AE-011600679,1,
MOVING HEAD COLOR,ACME,XP16R BSW,AE-011600680,1,
MOVING HEAD COLOR,ACME,XP16R BSW,AE-011600681,1,isn't brightness  
MOVING HEAD COLOR,ACME,XP16R BSW,AE-011600682,1,
MOVING HEAD COLOR,ACME,XP16R BSW,AE-011600683,1,
MOVING HEAD COLOR,ACME,XP16R BSW,AE-011600684,1,
MOVING HEAD COLOR,ACME,XP16R BSW,AE-011600685,1,
MOVING HEAD COLOR,ACME,XP16R BSW,AE-011600686,1,
MOVING HEAD COLOR,ACME,XP16R BSW,AE-011600687,1,
MOVING HEAD COLOR,ACME,XP16R BSW,AE-011600688,1,
MOVING HEAD COLOR,ACME,XP16R BSW,AE-011600689,1,
MOVING HEAD COLOR,ACME,XP16R BSW,AE-051601172,1,
MOVING HEAD COLOR,ACME,XP16R BSW,AE-051601173,1,
MOVING HEAD COLOR,ACME,XP16R BSW,AE-051601174,1,
MOVING HEAD COLOR,ACME,XP16R BSW,AE-051601175,1,
MOVING HEAD COLOR,ACME,XP16R BSW,AE-051601182,1,
MOVING HEAD COLOR,ACME,XP16R BSW,AE-051601183,1,
MOVING HEAD COLOR,ACME,XP16R BSW,AE-051601184,1,
MOVING HEAD COLOR,ACME,XP16R BSW,AE-051601185,1,
BEAM,R7,BEAM COLOR SPORT 230,,52,
LED MOVING HEAD COLOR,ACME,PAGEANT 300zs,AE-10131186,1,
LED MOVING HEAD COLOR,ACME,PAGEANT 300zs,AE-10131187,1,
LED MOVING HEAD COLOR,ACME,PAGEANT 300zs,AE-10131188,1,
LED MOVING HEAD COLOR,ACME,PAGEANT 300zs,AE-10131189,1,
LED MOVING HEAD COLOR,ACME,PAGEANT 300zs,AE-10143934,1,
LED MOVING HEAD COLOR,ACME,PAGEANT 300zs,Ae041500632,1,
LED MOVING HEAD COLOR,ACME,PAGEANT 300zs,AE-10143942,1,
LED MOVING HEAD COLOR,ACME,PAGEANT 300zs,AE-10143943,1,
LED MOVING HEAD COLOR,ACME,PAGEANT 300zs,AE-10143955,1,
LED MOVING HEAD COLOR,ACME,PAGEANT 300zs,AE-10143956,1,
LED MOVING HEAD COLOR,ACME,PAGEANT 300zs,AE-10143982,1,
LED MOVING HEAD COLOR,ACME,PAGEANT 300zs,AE-10143983,1,
LED MOVING HEAD COLOR,ACME,PAGEANT 300zs,Ae041500602,1,
LED MOVING HEAD COLOR,ACME,PAGEANT 300zs,Ae041500609,1,
LED MOVING HEAD COLOR,ACME,PAGEANT 300zs,Ae041500622,1,
LED MOVING HEAD COLOR,ACME,PAGEANT 300zs,Ae041500623,1,
LED MOVING HEAD COLOR,ACME,PAGEANT 300zs,Ae041500636,1,
LED MOVING HEAD COLOR,ACME,PAGEANT 300zs,Ae041500637,1,
LED MOVING HEAD COLOR,ACME,PAGEANT 300zs,Ae041500638,1,
LED MOVING HEAD COLOR,ACME,PAGEANT 300zs,Ae041500643,1,
LED MOVING HEAD COLOR,ACME,PAGEANT 300zs,Ae10131185,1,
LED MOVING HEAD COLOR,ACME,PAGEANT 300zs,Ae05142815,1,
LED MOVING HEAD COLOR,ACME,PAGEANT 300zs,Ae11130845,1,
LED MOVING HEAD COLOR,ACME,PAGEANT 300zs,Ae10143935,1,
LED MOVING HEAD COLOR,ACME,PAGEANT 300zs,Ae041500608,1,
LED MOVING HEAD COLOR,ACME,PAGEANT 300zs,Ae11130855,1,
LED MOVING HEAD COLOR,ACME,PAGEANT 300zs,Ae05142813,1,
LED MOVING HEAD COLOR,ACME,PAGEANT 300zs,Ae05142809,1,
LED MOVING HEAD COLOR,ACME,PAGEANT 300zs,Ae041500609,1,
LED MOVING HEAD COLOR,ACME,PAGEANT 300zs,Ae041500633,1,
LED MOVING HEAD COLOR,Vellolight,LED XP-800Zoom,,60,
MOVING HEAD COLOR,ROBE,SHOW COLOR SPOT 575w,300015349,1,
MOVING HEAD COLOR,ROBE,SHOW COLOR SPOT 575w,300028058,1,
MOVING HEAD COLOR,ROBE,SHOW COLOR SPOT 575w,300015351,1,
MOVING HEAD COLOR,ROBE,SHOW COLOR SPOT 575w,300028057,1,
MOVING HEAD COLOR,ROBE,SHOW COLOR SPOT 575w,600097374,1,
MOVING HEAD COLOR,ROBE,SHOW COLOR SPOT 575w,600097378,1,
MOVING HEAD COLOR,ROBE,SHOW COLOR SPOT 575w,800201396,1,
MOVING HEAD COLOR,ROBE,SHOW COLOR SPOT 575w,800201399,1,
LED MOVING COLOR,DTS,Nick Wash600  225w,D148B006511,1,
LED MOVING COLOR,DTS,Nick Wash600  225w,D148B005411,1,
LED MOVING COLOR,DTS,Nick Wash600  225w,D148B002811,1,
LED MOVING COLOR,DTS,Nick Wash600  225w,D148B004711,1,
CITY COLOR,STUDIO DUE,2500W,50727,1,
CITY COLOR,STUDIO DUE,2500W,52369,1,
CITY COLOR,STUDIO DUE,2500W,50497,1,
CITY COLOR,STUDIO DUE,2500W,52373,1,
LED PROFILE,PROFILE LIGHT SPOT,LED(D-Light) 180w,,4,
PROFILE,PROFILE LIGHT SPOT,800 W CELICON 25/50,,6,
PROFILE,PROFILE LIGHT SPOT,800 W CELICON 15/35,,6,
PROFILE,PROFILE LIGHT SPOT,1000 W.  CATANA 18/32,KA 2200302022,1,
PROFILE,PROFILE LIGHT SPOT,1000 W.  CATANA 18/32,KA 2200302017,1,
PROFILE,PROFILE LIGHT SPOT,1000 W.  CATANA 18/32,KA 2200301033,1,
PROFILE,PROFILE LIGHT SPOT,1000 W.  CATANA 18/32,KA 2200301022,1,
PROFILE,PROFILE LIGHT SPOT,1000 W.  CATANA 18/32,KA 2200301028,1,
PROFILE,PROFILE LIGHT SPOT,1000 W.  CATANA 18/32,KA 2200301031,1,
PROFILE ETC FIXTURE LIGHT,Source Four,1000w,,2,
LED FRESNEL,FRESNEL,LED AC  100w 240v,,12,
LED FRESNEL,FRESNEL,LED ACME TS150,,8,
FRESNEL,FRESNEL,1K  1000w,,24,
FRESNEL,FRESNEL,2K  2000w,,6,
LED BAR,ACME,Color Bar Matrix CB-16TC 3A/250v,AE-05141254,1,
LED BAR,ACME,Color Bar Matrix CB-16TC 3A/250v,AE-05141255,1,
LED BAR,ACME,Color Bar Matrix CB-16TC 3A/250v,AE-05141260,1,
LED BAR,ACME,Color Bar Matrix CB-16TC 3A/250v,AE-05141261,1,
LED BAR,ACME,Color Bar Matrix CB-16TC 3A/250v,AE-05141262,1,
LED BAR,ACME,Color Bar Matrix CB-16TC 3A/250v,AE-05141263,1,
LED BAR,ACME,Color Bar Matrix CB-16TC 3A/250v,AE-05141270,1,
LED BAR,ACME,Color Bar Matrix CB-16TC 3A/250v,AE-05141271,1,
LED BAR,ACME,Color Bar Matrix CB-16TC 3A/250v,AE-05141273,1,
LED BAR,ACME,Color Bar Matrix CB-16TC 3A/250v,AE-05141275,1,
LED BAR,ACME,Color Bar Matrix CB-16TC 3A/250v,AE-05141285,1,
LED BAR,ACME,Color Bar Matrix CB-16TC 3A/250v,AE-05141286,1,
LED PAR,LIGHT PAR,LED-312 3W,,48,
LED PAR,LIGHT PAR,LED warm white Z,,48,
PAR,LIGHT PAR,64  1000 W. 220 V.,,87,
PAR,LIGHT PAR,COB,,56,
BLINDER,MOFE COB,BLINDER 4*100w,,2,
BLINDER,MOFE COB,BLINDER 2*100w,,2,
SPOT LIGHT,SPOT LIGHT(WORK LIGHT),Micron  500 W. 220 V.,,4,
SPOT LIGHT,SPOT LIGHT(WORK LIGHT),1000 W. 220 V.,,12,
FOLLOW LIGHT,Follow Light,HMI500,,3,
Studio Lighting,LED VIDEO LIGHT,300W,,8,
Studio Lighting,LED VIDEO LIGHT,200W,,8,
Studio Lighting,LED VIDEO LIGHT,100W,,4,
Studio Lighting,Viltrox,VL-D85B 85w LED Light,,2,
BOOSTER,ACME,DMX SPLITTER CA-DS14(in1 out4),AE-10141197,1,
BOOSTER,ACME,DMX SPLITTER CA-DS14(in1 out4),AE-10141201,1,
BOOSTER,ACME,DMX SPLITTER CA-DS14(in1 out4),AE-08145791,1,
BOOSTER,ACME,DMX SPLITTER CA-DS14(in1 out4),AE-08145796,1,
BOOSTER,ACME,DMX SPLITTER CA-DS14(in1 out4),,4,
BOOSTER,ACME,DMX SPLITTER CA-DS14(in1 out8),,8,
DIMMER,DILIGHT by Dimsense,12ch/4k,,1,
DIMMER,DIMMER,24ch/4k,,3,
DIMMER,Lite-Puter,DP-5 DMX INTERFACE 24ch/4k,,4,
Swiching,terminal bus 63A,terminal bus 63A,,1,
Swiching,Ampifile 63A 2chanel,Ampifile 63A 2chanel,,2,
TRUSS ALUMINUM,TRUSS OLD  3 M.,,,38,
TRUSS ALUMINUM,TRUSS(Black colur)  3 M.,,,20,
TRUSS ALUMINUM,TRUSS(Black colur)  1 M.,,,50,
TRUSS ALUMINUM,TRUSS  3 M.,,,15,
TRUSS ALUMINUM,TRUSS(Black colur)  1 M.,,,6,
TRUSS ALUMINUM,TRUSS  2 M.,,,20,
TRUSS ALUMINUM,TRUSS  Black  2 M.,,,10,
TRUSS ALUMINUM,TRUSS  1.50 M.,,,10,
TRUSS ALUMINUM,TRUSS  0.4 M. 2M,,,13,
TRUSS ALUMINUM,TRUSS  0.4 M. 1.50M,,,10,
TRUSS ALUMINUM,TRUSS  0.4 M. 1M,,,4,
TRUSS ALUMINUM,MOBILE TECH STAND BUDING TRUSS L,,,4,
TRUSS ALUMINUM,MOBILE TECH STAND BUDING TRUSS T,,,4,
TRUSS ALUMINUM,MOBILE TECH STAND BUDING TRUSS 4way Black,,,4,
TRUSS ALUMINUM,MOBILE TECH STAND BUDING TRUSS 4way,,,22,
TRUSS ALUMINUM,MOBILE TECH STAND BUDING TRUSS 0.40 CM,,,10,
TRUSS ALUMINUM,TRUSS 0.50 CM,,,5,
TRUSS ALUMINUM,MOBILE TECH STAND BUDING TRUSS JOINT TRUSS,,,4,
TRUSS ALUMINUM,SLEEVE  BLOCK,,,4,
TRUSS ALUMINUM,HEAD BLOCK,,,4,
TRUSS ALUMINUM,MILOS FEMALE RECEIVER FOR MULTI CON 25,,,630,
PAGE,PAGE TRUSS 1.20 M,,,4,
PAGE,PAGE TRUSS 1 M(black color),,,4,
PAGE,PAGE TRUSS 1 M(Silver color),,,6,
PAGE,PAGE TRUSS 60 M(Black color),,,12,
MOBILE TECH STAND,BUDING TRUSS ALPTEK 6500 BIG SIZE,ALPTEK 6500 BIG SIZE,ALPTK 65164,1,
MOBILE TECH STAND,BUDING TRUSS ALPTEK 6500 BIG SIZE,ALPTEK 6500 BIG SIZE,ALPTK 65155,1,
MOBILE TECH STAND,BUDING TRUSS ALPTEK 6500 BIG SIZE,ALPTEK 6500 BIG SIZE,ALPTK 65187,1,
MOBILE TECH STAND,BUDING TRUSS ALPTEK 6500 BIG SIZE,ALPTEK 6500 BIG SIZE,ALPTK 65182,1,
MOBILE TECH STAND,MOBILE TECH STAND BUDING TRUSS 4000 SMALL SIZE,TRUSS 4000 SMALL SIZE,,10,
TEUSS LEGS WITH CLAMPS,MOBILE TECH STAND BUDING TRUSS 4000 SMALL SIZE,TRUSS 4000 SMALL SIZE,,8,
PLATE EXTENSION SET WITH JACK BASE,MOBILE TECH STAND BUDING TRUSS 4000 SMALL SIZE,TRUSS 4000 SMALL SIZE,,8,
T-shaped structural bracket,MOBILE TECH STAND BUDING TRUSS 4000 SMALL SIZE,TRUSS 4000 SMALL SIZE,,40,
ELECTRIC CHAIN HOIST,BLACK BEAR,1000 KG. SLING 24 M.,2220090003189=1,1,
ELECTRIC CHAIN HOIST,BLACK BEAR,1000 KG. SLING 24 M.,222005000295=2,1,
ELECTRIC CHAIN HOIST,BLACK BEAR,1000 KG. SLING 24 M.,2220090003295=4,1,
ELECTRIC CHAIN HOIST,BLACK BEAR,1000 KG. SLING 24 M.,2220050002887=5,1,
ELECTRIC CHAIN HOIST,BLACK BEAR,1000 KG. SLING 24 M.,2220090003332=7,1,
ELECTRIC CHAIN HOIST,BLACK BEAR,1000 KG. SLING 24 M.,220070032352=8,1,
ELECTRIC CHAIN HOIST,BLACK BEAR,1000 KG. SLING 24 M.,220070032383=9,1,
ELECTRIC CHAIN HOIST,BLACK BEAR,1000 KG. SLING 24 M.,2220090003271=10,1,
ELECTRIC CHAIN HOIST,BLACK BEAR,1000 KG. SLING 24 M.,2220090003288=11,1,
ELECTRIC CHAIN HOIST,BLACK BEAR,1000 KG. SLING 24 M.,2220050002979=12,1,
ELECTRIC CHAIN HOIST,BLACK BEAR,1000 KG. SLING 24 M.,220070032390=13,1,
ELECTRIC CHAIN HOIST,BLACK BEAR,1000 KG. SLING 24 M.,2220050002818=14,1,
ELECTRIC CHAIN HOIST,Chain Master,1 ton,507211=05,1,
ELECTRIC CHAIN HOIST,Chain Master,1 ton,507066=07,1,
ELECTRIC CHAIN HOIST,Chain Master,1 ton,507047=09,1,
ELECTRIC CHAIN HOIST,Chain Master,1 ton,5076806=14,1,
ELECTRIC CHAIN HOIST,Chain Master,1 ton,507064=16,1,
ELECTRIC CHAIN HOIST,Chain Master,1 ton,507063=18,1,
ELECTRIC CHAIN HOIST,Chain Master,1 ton,507054=19,1,
ELECTRIC CHAIN HOIST,Chain Master,1 ton,506811=20,1,
ELECTRIC CHAIN HOIST,Chain Master,1 ton,507056=22,1,
ELECTRIC CHAIN HOIST,Chain Master,1 ton,507069=25,1,
ELECTRIC CHAIN HOIST,Chain Master,1 ton,507268=31,1,
ELECTRIC CHAIN HOIST,Chain Master,1 ton,,17,
MANUAL HAND CHAIN HOIST,CM Hurricane,1 ton (2007),B07070720,1,
MANUAL HAND CHAIN HOIST,CM Hurricane,1 ton (2007),B07070723,1,
MANUAL HAND CHAIN HOIST,CM Hurricane,1 ton (2007),B07070726,1,
MANUAL HAND CHAIN HOIST,CM Hurricane,1 ton (2007),B07070729,1,
MANUAL HAND CHAIN HOIST,CM Hurricane,1 ton (2007),B07070730,1,
MANUAL HAND CHAIN HOIST,CM Hurricane,1 ton (2007),B07070731,1,
MANUAL HAND CHAIN HOIST,CM Hurricane,1 ton (2007),B07070732,1,
MANUAL HAND CHAIN HOIST,CM Hurricane,1 ton (2007),B07070734,1,
CHAIN HOIST,Customised 8 way Hoist Controller,,,1,
CONTROL HOIST,DA/SPLITER 1IN7 OUT FOR SIGNAL LIGHTING CONTROL,DA/SPLITER 1IN7 OUT FOR SIGNAL LIGHTING CONTROL,,1,
SPANSET,SPANSET  2 TON  LONG 3 M.  green color,SPANSET  2 TON  LONG 3 M.  green color,,3,
SPANSET,SPANSET  2 TON  LONG 2 M.  green color,SPANSET  2 TON  LONG 2 M.  green color,,2,
SPANSET,SPANSET  2 TON  LONG 2 M.  yellow color,SPANSET  2 TON  LONG 2 M.  yellow color,,7,
SPANSET,SPANSET  2 TON  LONG 3 M.  violet color,SPANSET  2 TON  LONG 3 M.  violet color,,15,
SPANSET,SPANSET  2 TON  LONG 2 M.  violet color,SPANSET  2 TON  LONG 2 M.  violet color,,5,
SPANSET,SPANSET BACK COLOR  2 TON  LONG 1 M.,SPANSET BACK COLOR  2 TON  LONG 1 M.,,2,
SPANSET,SPANSET BACK COLOR  LONG 3 M.,SPANSET BACK COLOR  LONG 3 M.,,99,
SPANSET,SPANSET BACK COLOR  LONG 2 M.,SPANSET BACK COLOR  LONG 2 M.,,71,
Curtain,Blue Curtain 10 M,Blue Curtain 10 M,,30,
Curtain,Blue Curtain 5 M,Blue Curtain 5 M,,3,
Curtain,Black Curtain 10 M,Black Curtain 10 M,,10,
Curtain,Cream Curtain 10 M,Cream Curtain 10 M,,13,
Curtain,See-through Curtain 10*10,See-through Curtain 10*10,,5,
Curtain,See-through Curtain 10*5,See-through Curtain 10*5,,4,
Curtain,White Curtain 10 M(Sheer Curtains),White Curtain 10 M(Sheer Curtains),,16,
Curtain,White Curtain 10 M(Rod pocket curtain),White Curtain 10 M(Rod pocket curtain),,16,
Curtain,White Curttain 5 M,White Curttain 5 M,,5,
Curtain, Black pleated curtain 10*2.4 M, Black pleated curtain 10*2.4 M,,4,
Curtain, Black pleated curtain 3*3.5 M, Black pleated curtain 3*3.5 M,,4,
Curtain, Black pleated curtain 5*20 M, Black pleated curtain 5*20 M,,4,
Curtain, Black pleated curtain 7*2.4 M, Black pleated curtain 7*2.4 M,,9,
Curtain, Cream pleated curtain 7.2*3.5 M, Cream pleated curtain 7.2*3.5 M,,9,
Curtain, Blue pleated curtain 10*3 M, Blue pleated curtain 10*3 M,,19,
Curtain, Dark Blue pleated curtain 10*3 M, Dark Blue pleated curtain 10*3 M,,36,
Curtain,Black Curtain 10*10 M,Black Curtain 10*10 M,,2,
Curtain,Black Curtain 3*15 M,Black Curtain 3*15 M,,6,
Curtain,Black pole cloth 5m,Black pole cloth 5m,,12,
Curtain,White pole cloth 5m,White pole cloth 5m,,10,
Curtain,Cream pole cloth 5m,Cream pole cloth 5m,,9,
Curtain,Black pole cloth 10*10 M,Black pole cloth 10*10 M,,2,
CANVAS,Canvas 12.20*5.20 M,Canvas 12.20*5.20 M,,1,
CANVAS,Canvas 12.00*6.00 M,Canvas 12.00*6.00 M,,1,
CANVAS,Canvas 6.20*4.20 M,Canvas 6.20*4.20 M,,4,
CANVAS,Canvas 3.20*4.20 M,Canvas 3.20*4.20 M,,2,
HAZER,HAZER-100,,,1,
HAZER,Hazer Technology HZ-500,,HZ5E101300690,1,
HAZER,Hazer Potion,,,2,
MIRROR BALL,MIRROR BALL 30'',,,1,
SAFETY,Safety,,,6,
PIPE,PIPE ALUMINUM LONG 3 M.,3 M,,9,
PIPE,ADAPTER PIPE ALUMINUM,,,13,
Terminal,Terminal Biggest,,,1,
Terminal,Terminal Smallest,,,1,
CAMP,CAMP Single Truss,,,130,
CAMP,CAMP Dual Truss,,,30,
Clamp,Clamp,,,57,
Clamp,Clamp,,,90,
Clamp 5032,Clamp 5033,,,50,
OMEGA,Omega c Lock 1/2,,,40,
OMEGA,Omega c Lock 3/4,,,60,
OMEGA,Omega c Lock 3/5,,,50,24/6/2016
OMEGA,Omega c Lock 5/8,,,38,
Scaffold,Scaffold,,,12,
Scaffold,Scaffold with stair,,,10,
Scaffold,Fall Protection,,,2,
Scaffold,Walkway panels,,,8,
Scaffold,"8""PU Orange 100K Brake panel",,,8,
Scaffold,"8""Yellow Heavy Brake panel",,,4,
Scaffold,"8""Red Heavy ",,,8,
Scaffold,Joints,,,37,
Scaffold,Scaffolding axle with wheels,,,8,
Cable,Main cable color 100 m.,100 M,,4,
Cable,Main cable color 50 m.,50 M,,8,
Cable,Main cable color 20 m.,20 M,,1,
Cable,Main cable color 10 m.,10 M,,1,
Cable,Power Load Cable 15A/125V 5m,5 M,,60,
Cable,Power Load Cable 15A/125V 10m,10 M,,40,
Cable,Power Load Cable 15A/125V 150m,150 M,,2,
Cable,Power Load Cable,,,70,
Cable,Power Load Cable,,,80,
Cable,AC Wire Cord GROUND IN1/OUT2,AC Wire Cord GROUND IN1/OUT2,,70,
Cable,AC Wire Cord GROUND IN1/OUT3,AC Wire Cord GROUND IN1/OUT3,,50,
Cable,DMX Cable with Length 5m Connecter Neutrik,DMX Cable with Length 5m Connecter Neutrik,,60,
Cable,DMX Cable with Length 10m Connecter Neutrik,DMX Cable with Length 10m Connecter Neutrik,,40,
Cable,DMX Cable with Length 20m Connecter Neutrik,DMX Cable with Length 20m Connecter Neutrik,,10,
Cable,MANTICAL(4channel) 100m,MANTICAL(4channel) 100m,,1,
Cable,MANTICAL(8channel) 70m,MANTICAL(8channel) 70m,,16,
WIRED INTERCOM,NIPROS,FD-400A/D,51500112,1,
WIRED INTERCOM,NIPROS,FD-400A/D,51500114,1,
WIRED INTERCOM,NIPROS,FD-400A/D,51500120,1,
WIRED INTERCOM,NIPROS,FD-400A/D,51500122,1,
WIRED INTERCOM,NIPROS,FD-400A/D,51500192,1,
WIRED INTERCOM,NIPROS,FD-400A/D,51500195,1,
